{"name":"4f6de4b3-28cc-4397-a0e2-7af5e2579576","id":"/providers/Microsoft.Flow/flows/4f6de4b3-28cc-4397-a0e2-7af5e2579576","type":"Microsoft.Flow/flows","properties":{"apiId":"/providers/Microsoft.PowerApps/apis/shared_logicflows","displayName":"Sample Sync MSGraph Groups to SP List","definition":{"$schema":"https://schema.management.azure.com/providers/Microsoft.Logic/schemas/2016-06-01/workflowdefinition.json#","contentVersion":"1.0.0.0","parameters":{"$connections":{"defaultValue":{},"type":"Object"},"$authentication":{"defaultValue":{},"type":"SecureObject"}},"triggers":{"manual":{"type":"Request","kind":"Http","inputs":{"schema":{}}}},"actions":{"var_client-secret":{"runAfter":{"var_client-id":["Succeeded"]},"type":"InitializeVariable","inputs":{"variables":[{"name":"client_secret","type":"String"}]}},"var_client-id":{"runAfter":{},"type":"InitializeVariable","inputs":{"variables":[{"name":"client_id","type":"String"}]}},"var_tenant-id":{"runAfter":{"var_client-secret":["Succeeded"]},"type":"InitializeVariable","inputs":{"variables":[{"name":"tenant_id","type":"String"}]}},"ForEach_Updates":{"foreach":"@body('MSGraph_Groups_Update_FilterArray')","actions":{"Update_item":{"runAfter":{"Filter_array_-_find_ID":["Succeeded"]},"metadata":{"flowSystemMetadata":{"swaggerOperationId":"PatchItem"}},"type":"ApiConnection","inputs":{"host":{"api":{"runtimeUrl":"https://australia-001.azure-apim.net/apim/sharepointonline"},"connection":{"name":"@parameters('$connections')['shared_sharepointonline']['connectionId']"}},"method":"patch","body":{"Title":"@{items('ForEach_Updates')?['displayName']}","groupId":"@items('ForEach_Updates')?['id']","description":"@{items('ForEach_Updates')?['description']}","visibility":"@{items('ForEach_Updates')?['visibility']}","createdDateTime":"@{items('ForEach_Updates')?['createdDateTime']}","renewedDateTime":"@{items('ForEach_Updates')?['renewedDateTime']}"},"path":"/datasets/@{encodeURIComponent(encodeURIComponent('https://johnliu365.sharepoint.com/'))}/tables/@{encodeURIComponent(encodeURIComponent('6fa8a39e-c468-4788-bd75-73f9c7086399'))}/items/@{encodeURIComponent(first(body('Filter_array_-_find_ID'))?['ID'])}","authentication":"@parameters('$authentication')"},"description":"first(body('Filter_array_-_find_ID'))?['ID']"},"Filter_array_-_find_ID":{"runAfter":{},"type":"Query","inputs":{"from":"@body('SP_UnifiedGroups_GetItems')?['value']","where":"@equals(item()?['groupId'], items('ForEach_Updates')?['id'])"}},"Log_Update_Item":{"runAfter":{"Update_item":["Succeeded"]},"type":"Compose","inputs":"@body('Update_item')"}},"runAfter":{"ForEach_New":["Succeeded"]},"type":"Foreach"},"ForEach_New":{"foreach":"@body('MSGRAPH_Groups_New_FilterArray')","actions":{"Create_item":{"runAfter":{},"metadata":{"flowSystemMetadata":{"swaggerOperationId":"PostItem"}},"type":"ApiConnection","inputs":{"host":{"api":{"runtimeUrl":"https://australia-001.azure-apim.net/apim/sharepointonline"},"connection":{"name":"@parameters('$connections')['shared_sharepointonline']['connectionId']"}},"method":"post","body":{"Title":"@{items('ForEach_New')?['displayName']}","groupId":"@items('ForEach_New')?['id']","description":"@{items('ForEach_New')?['description']}","visibility":"@{items('ForEach_New')?['visibility']}","createdDateTime":"@{item()?['createdDateTime']}","renewedDateTime":"@{item()?['renewedDateTime']}"},"path":"/datasets/@{encodeURIComponent(encodeURIComponent('https://johnliu365.sharepoint.com/'))}/tables/@{encodeURIComponent(encodeURIComponent('6fa8a39e-c468-4788-bd75-73f9c7086399'))}/items","authentication":"@parameters('$authentication')"}},"Log_Create_Item":{"runAfter":{"Create_item":["Succeeded","Failed","Skipped","TimedOut"]},"type":"Compose","inputs":"@body('Create_item')"}},"runAfter":{"Scope_SharePoint_UnifiedGroups_list":["Succeeded"]},"type":"Foreach"},"Scope_MSGraph":{"actions":{"MSGRAPH_graph.microsoft.com-v1.0-groups":{"runAfter":{},"type":"Http","inputs":{"method":"GET","uri":"https://graph.microsoft.com/v1.0/groups","authentication":{"type":"ActiveDirectoryOAuth","tenant":"@variables('tenant_id')","audience":"https://graph.microsoft.com","clientId":"@variables('client_id')","secret":"@variables('client_secret')"}},"description":"https://graph.microsoft.com/v1.0/groups","runtimeConfiguration":{"paginationPolicy":{"minimumItemCount":2000}}},"Log_length(MSGRAPH_Groups)":{"runAfter":{"MSGRAPH_graph.microsoft.com-v1.0-groups":["Succeeded"]},"type":"Compose","inputs":"@length(body('MSGRAPH_graph.microsoft.com-v1.0-groups')?['value'])","description":"length(body('MSGRAPH_graph.microsoft.com-v1.0-groups')?['value'])"},"MSGRAPH_Groups_Parse":{"runAfter":{"Log_length(MSGRAPH_Groups)":["Succeeded"]},"type":"ParseJson","inputs":{"content":"@body('MSGRAPH_graph.microsoft.com-v1.0-groups')","schema":{"type":"object","properties":{"@@odata.context":{"type":"string"},"value":{"type":"array","items":{"type":"object","properties":{"id":{"type":"string"},"deletedDateTime":{"type":"any"},"classification":{"type":"any"},"createdDateTime":{},"description":{},"displayName":{},"groupTypes":{"type":"array","items":{"type":"string"}},"mail":{"type":"any"},"mailEnabled":{"type":"boolean"},"mailNickname":{},"renewedDateTime":{},"securityEnabled":{"type":"boolean"},"visibility":{},"preferredDataLocation":{}},"required":["id"]}},"@@odata.deltaLink":{"type":"string"}}}}}},"runAfter":{"var_tenant-id":["Succeeded"]},"type":"Scope"},"Scope_SharePoint_UnifiedGroups_list":{"actions":{"SP_UnifiedGroups_GetItems":{"runAfter":{},"metadata":{"flowSystemMetadata":{"swaggerOperationId":"GetItems"}},"type":"ApiConnection","inputs":{"host":{"api":{"runtimeUrl":"https://australia-001.azure-apim.net/apim/sharepointonline"},"connection":{"name":"@parameters('$connections')['shared_sharepointonline']['connectionId']"}},"method":"get","path":"/datasets/@{encodeURIComponent(encodeURIComponent('https://johnliu365.sharepoint.com/'))}/tables/@{encodeURIComponent(encodeURIComponent('6fa8a39e-c468-4788-bd75-73f9c7086399'))}/items","authentication":"@parameters('$authentication')"}},"SP_UnifiedGroups_Select_GroupIDs":{"runAfter":{"SP_UnifiedGroups_GetItems":["Succeeded"]},"type":"Select","inputs":{"from":"@body('SP_UnifiedGroups_GetItems')?['value']","select":"@item()?['groupId']"},"description":"item()?['groupId']"},"MSGRAPH_Groups_New_FilterArray":{"runAfter":{"SP_UnifiedGroups_Select_GroupIDs":["Succeeded"]},"type":"Query","inputs":{"from":"@body('MSGRAPH_Groups_Parse')?['value']","where":"@not(contains(body('SP_UnifiedGroups_Select_GroupIDs'), item()?['id']))"}},"MSGraph_Groups_Update_FilterArray":{"runAfter":{"MSGRAPH_Groups_New_FilterArray":["Succeeded"]},"type":"Query","inputs":{"from":"@body('MSGRAPH_Groups_Parse')?['value']","where":"@contains(body('SP_UnifiedGroups_Select_GroupIDs'), item()?['id'])"}}},"runAfter":{"Scope_MSGraph":["Succeeded"]},"type":"Scope"}},"outputs":{},"description":" #msgraph"},"connectionReferences":{"shared_sharepointonline":{"connectionName":"shared-sharepointonl-f1a6c0d5-6c9b-4f24-8ae6-2bde68cecb3f","source":"Embedded","id":"/providers/Microsoft.PowerApps/apis/shared_sharepointonline","tier":"NotSpecified"}},"flowFailureAlertSubscribed":false}}