{"name":"65c921dc-b1b1-4460-9614-fd1da19fcf01","id":"/providers/Microsoft.Flow/flows/65c921dc-b1b1-4460-9614-fd1da19fcf01","type":"Microsoft.Flow/flows","properties":{"apiId":"/providers/Microsoft.PowerApps/apis/shared_logicflows","displayName":"Sample MSGraph Groups Listener","definition":{"$schema":"https://schema.management.azure.com/providers/Microsoft.Logic/schemas/2016-06-01/workflowdefinition.json#","contentVersion":"1.0.0.0","parameters":{"$authentication":{"defaultValue":{},"type":"SecureObject"}},"triggers":{"manual":{"type":"Request","kind":"Http","inputs":{"schema":{}}}},"actions":{"HTTP":{"runAfter":{"var_sync-flow-url":["Succeeded"]},"type":"Http","inputs":{"method":"POST","uri":"@variables('sync-flow-url')"}},"Response_202":{"runAfter":{"HTTP":["Succeeded"]},"type":"Response","inputs":{"statusCode":202}},"Scope_ValidationToken":{"actions":{"validationtoken":{"runAfter":{},"type":"Compose","inputs":"@trigger()?['outputs']?['queries']?['validationToken']","description":"trigger()?['outputs']?['queries']?['validationToken']"},"Condition":{"actions":{"Response_ValidationToken":{"runAfter":{},"type":"Response","inputs":{"statusCode":200,"headers":{"Content-Type":"text/plain"},"body":"@outputs('validationtoken')"}},"Terminate_ValidationToken":{"runAfter":{"Response_ValidationToken":["Succeeded"]},"type":"Terminate","inputs":{"runStatus":"Succeeded"}}},"runAfter":{"validationtoken":["Succeeded"]},"expression":"@not(equals(outputs('validationtoken'), null))","type":"If"}},"runAfter":{},"type":"Scope"},"var_sync-flow-url":{"runAfter":{"Scope_ValidationToken":["Succeeded"]},"type":"InitializeVariable","inputs":{"variables":[{"name":"sync-flow-url","type":"String","value":"https://logic.azure.com/call-your-nested-flow-here"}]}}},"outputs":{},"description":" #msgraph"},"connectionReferences":{},"flowFailureAlertSubscribed":false}}